<?xml version="1.0" encoding="utf-8"?>
<config>
    <acl>
        <resources>
            <all>
                <title>Allow Everything</title>
            </all>
            <admin>
                <children>
                    <system>
                        <children>
                            <fpc translate="title" module="fpc">
                                <title>Full Page Cache</title>
                                <children>
                                    <fpc_settings module="fpc">
                                        <title>Settings</title>
                                    </fpc_settings>
                                    <fpc_optimal_configuration module="fpc">
                                        <title>Suggest Optimal Configuration</title>
                                    </fpc_optimal_configuration>
                                </children>
                            </fpc>
                            <config>
                                <children>
                                    <fpc translate="title" module="fpc">
                                        <title>Full Page Cache</title>
                                    </fpc>
                                </children>
                            </config>
                        </children>
                    </system>
                </children>
            </admin>
        </resources>
    </acl>
    <menu>
        <system>
            <children>
                <fpc module="fpc">
                    <title>Full Page Cache</title>
                    <sort_order>50</sort_order>
                    <children>
                        <fpc_settings module="fpc">
                            <title>Settings</title>
                            <action>adminhtml/system_config/edit/section/fpc</action>
                            <sort_order>40</sort_order>
                        </fpc_settings>
                        <fpc_optimal_configuration module="fpc">
                            <title>Suggest Optimal Configuration</title>
                            <action>adminhtml/fpc_optimalConfiguration</action>
                            <sort_order>50</sort_order>
                        </fpc_optimal_configuration>
                    </children>
                </fpc>
            </children>
        </system>
    </menu>
</config>
