<?xml version="1.0" encoding="UTF-8"?>
<config>
    <menu>
        <system>
            <children>
                <tools>
                    <children>
                        <mst_validator translate="title">
                            <title>Mirasvit Extensions Validator</title>
                            <sort_order>1001</sort_order>
                            <action>adminhtml/mstcore_validator/index</action>
                        </mst_validator>
                    </children>
                </tools>
            </children>
        </system>
    </menu>
    <acl>
        <resources>
            <admin>
                <children>
                    <system>
                        <children>
                            <tools>
                                <children>
                                    <mst_validator translate="title">
                                        <title>Mirasvit Extensions Validator</title>
                                        <sort_order>0</sort_order>
                                    </mst_validator>
                                </children>
                            </tools>
                        </children>
                    </system>
                </children>
            </admin>
        </resources>
    </acl>
</config>
